1,862241704,Jana,Ramirez,m,1973-08-05,8405 Nisl Rd.,Pocatello,ID,540689206,4883890416,dictum.cursus@semper.com,y,n,n,nunc sed libero. Proin
2,996988077,Kylan,Snider,f,1996-01-04,"P.O. Box 583, 2147 Est, Av.",Racine,WI,246453117,8664378573,interdum@dolornonummy.edu,y,n,n,Integer id magna
3,608190396,Aurora,Kirby,f,1989-12-27,939-4206 Turpis Ave,Birmingham,AL,682495124,3937033615,tincidunt.orci@loremlorem.edu,y,n,n,nec quam. Curabitur
4,235780138,Gannon,Medina,f,1968-01-20,384-3154 Tellus. St.,Fort Collins,CO,376617317,9679635963,Aliquam@ornaresagittisfelis.co.uk,y,n,n,"scelerisque sed, sapien. Nunc"
5,943549224,Patricia,Luna,m,1960-11-13,5810 Eget Rd.,South Portland,ME,970654625,3026671071,nulla@egetnisidictum.org,y,n,n,sapien.
6,592205355,Rigel,Cross,f,1967-04-10,"P.O. Box 298, 9746 Ipsum. St.",Fort Wayne,IN,568823614,8755064247,a@nuncullamcorper.edu,y,n,n,Donec
7,3276282,Autumn,Olson,m,1980-03-13,"P.O. Box 681, 7191 Nunc Street",Kaneohe,HI,871360793,6359123802,ligula.Aenean@bibendumfermentum.ca,y,n,n,hendrerit. Donec porttitor tellus
8,379408259,Benedict,Moses,f,1964-09-26,Ap #201-6034 Velit St.,Shreveport,LA,678345570,2277807064,facilisis.Suspendisse.commodo@lobortis.edu,y,n,n,Nunc laoreet
9,253613347,Armando,Kent,f,1965-06-27,218-2043 Libero Road,Miami,FL,543198409,2237047284,mauris.a.nunc@elit.edu,y,n,n,"enim. Sed nulla ante,"
10,695764033,Athena,Williamson,m,1971-10-13,"6960 Erat, Ave",Seattle,WA,819953060,8755870597,lobortis@torquent.com,y,n,n,morbi tristique senectus
11,671082720,Xander,Church,m,1957-03-13,9404 Nibh Ave,Milwaukee,WI,137783110,3439940243,feugiat.metus.sit@congueturpis.com,n,y,n,"Quisque purus sapien,"
12,515217520,Ori,Frederick,f,1968-03-28,Ap #543-5784 Purus Road,Tampa,FL,568348226,1802853623,eu@et.ca,n,y,n,Nullam nisl. Maecenas malesuada fringilla
13,980296866,Connor,Bond,m,1996-03-25,Ap #330-3666 Lacinia Avenue,Wilmington,DE,410127576,9892500091,ultrices@mi.ca,n,y,n,turpis egestas. Fusce aliquet
14,436662513,Tanisha,Gordon,f,1977-10-17,428-7239 Nec St.,Fresno,CA,327009698,3805521623,consequat@feugiatnonlobortis.com,n,y,y,Mauris eu turpis. Nulla aliquet.
15,641886605,Cade,Velez,m,1981-04-19,"Ap #131-9969 Nec, Rd.",Oklahoma City,OK,918960532,2629601964,Aliquam.nisl.Nulla@magnaUttincidunt.net,n,y,n,ligula. Donec luctus aliquet
16,120053614,Dominique,Alston,m,1973-01-25,449-4668 Sodales Avenue,Milwaukee,WI,790305082,9657852072,luctus@loremsemper.co.uk,n,y,n,Cras lorem
17,809899836,Maryam,Kirby,m,1976-07-01,1105 Quisque Street,Pittsburgh,PA,526207256,3996683971,nulla.Integer@ultrices.ca,n,y,n,Nulla semper
18,954603376,Darryl,Barr,m,1988-04-14,"P.O. Box 126, 3033 Diam. Rd.",Wichita,KS,927990856,5201816999,risus@molestie.org,n,y,n,ultrices posuere cubilia Curae; Donec
19,569791862,Justina,Hughes,m,1991-11-08,"P.O. Box 829, 5219 Praesent Avenue",Knoxville,TN,197552909,4410767246,dis@IntegermollisInteger.co.uk,n,y,n,ullamcorper. Duis at
20,394495663,Phyllis,Hull,m,1980-08-10,688-135 Nibh Rd.,Overland Park,KS,508391368,2444777951,imperdiet.dictum@turpis.org,n,y,n,Nunc sed orci
21,605014323,Ainsley,Macdonald,m,1992-07-11,5947 Ante. Rd.,Davenport,IA,468665737,2251524719,purus@sed.edu,n,n,y,"ante. Maecenas mi felis, adipiscing"
22,422238089,Justine,Hamilton,m,1999-11-18,"P.O. Box 552, 4160 Cursus Ave",Racine,WI,639570767,6559862965,a@risus.co.uk,n,n,y,"malesuada ut,"
23,958010443,Bernard,Travis,m,1995-01-13,566 Sit Rd.,Fairbanks,AK,947811166,7595198707,Quisque@vulputateeu.ca,n,n,y,"eu, eleifend nec, malesuada"
24,769397846,Sydney,Ford,m,1989-01-08,"P.O. Box 406, 3516 Natoque St.",Tacoma,WA,739398537,6845045155,Cras.eu@Proin.co.uk,n,n,y,semper auctor. Mauris
25,462333692,Galena,Mccray,f,1965-08-18,"P.O. Box 146, 7859 Libero Street",Bellevue,NE,895143143,9712021195,ante@orci.net,n,n,y,semper. Nam tempor
26,175080453,Quin,Lambert,m,1984-12-14,475-5634 Consequat Road,Saint Louis,MO,336273142,6856406229,Integer.mollis.Integer@mattisIntegereu.co.uk,n,n,y,amet lorem semper auctor. Mauris
27,39713218,Zelenia,Mcmahon,m,1992-01-27,8154 Tempor Av.,Iowa City,IA,628588611,3180423928,Nullam@euodiotristique.com,n,n,y,magna.
28,675566243,Shana,Booth,f,1972-01-16,727-9079 Non Rd.,Chattanooga,TN,317797186,8693394369,orci@nislMaecenasmalesuada.org,n,n,y,semper rutrum.
29,674733127,Mikayla,Hardin,m,1983-11-14,"P.O. Box 595, 2695 Fringilla Street",Shreveport,LA,161143828,5492886397,id@atrisusNunc.co.uk,n,n,y,Quisque fringilla euismod
30,523187073,Urielle,Buckley,m,1986-04-14,"P.O. Box 790, 1123 Aenean Rd.",Akron,OH,246065804,1176556019,sed.hendrerit@musProin.ca,n,n,y,Proin vel nisl.
31,661586722,Omar,Orr,m,1990-04-03,"580-3929 Elementum, Av.",Tulsa,OK,500712369,7431058360,vulputate@elitEtiam.edu,y,n,y,est
32,255374255,Mari,Nicholson,f,1966-01-05,"P.O. Box 771, 1843 Mattis Ave",San Jose,CA,732483201,8999191876,a@mattisornare.edu,n,n,y,Integer vitae nibh. Donec
33,375166893,Veronica,Daniel,f,1984-10-27,286-9750 Sapien Rd.,Little Rock,AR,596341618,7520741012,auctor.odio.a@Maecenasornare.com,n,y,y,"adipiscing non, luctus sit amet,"
34,481098122,Vivien,Medina,f,1979-01-24,"P.O. Box 397, 6464 Malesuada Rd.",Eugene,OR,144261264,3135397291,at.risus.Nunc@mus.ca,y,n,y,"blandit at, nisi. Cum sociis"
35,662748602,Nathan,Nunez,m,1977-12-29,"P.O. Box 167, 9257 Duis Rd.",Fort Collins,CO,183409151,3869296840,libero.lacus@ante.org,y,y,y,Integer eu
36,983786029,Ahmed,Raymond,f,1992-09-20,Ap #752-6073 Malesuada Avenue,Covington,KY,127854634,4753773854,vulputate.velit.eu@tempuseu.org,y,n,y,placerat velit. Quisque varius. Nam
37,645634636,Karen,Singleton,m,1959-08-29,7774 Praesent St.,Stamford,CT,864847752,6045035084,at.pretium.aliquet@eutemporerat.org,y,n,y,velit. Quisque varius. Nam
38,592339027,Georgia,Obrien,m,1989-07-17,7448 Phasellus Street,Bloomington,MN,361336070,2776856199,aliquet@faucibus.org,n,n,n,ridiculus mus.
39,861679246,Adele,Durham,f,1954-08-02,Ap #379-8136 Malesuada Avenue,Hattiesburg,MS,683061837,6796930579,molestie.orci@pedesagittis.co.uk,y,y,n,Etiam gravida molestie
40,617405108,Roary,Mack,m,1982-12-30,"P.O. Box 829, 3217 Laoreet, Rd.",Springdale,AR,899698606,3119285499,Nam.ac.nulla@NullafacilisisSuspendisse.net,n,n,y,quis massa. Mauris
41,934482775,Kevin,Larson,f,1953-08-22,"P.O. Box 981, 684 Nunc Ave",Green Bay,WI,753056307,6325047583,libero.Donec@Vivamuseuismod.edu,n,y,y,egestas ligula.
42,742927060,Blaze,Schwartz,m,1962-08-22,"P.O. Box 102, 1374 Rutrum. Av.",Jefferson City,MO,917191148,7195492223,mus.Proin.vel@massaVestibulum.net,y,n,y,eu
43,325780815,Chaim,Savage,m,1983-04-17,"9069 Montes, St.",Lafayette,LA,303714470,6829393838,turpis.egestas.Aliquam@fringillapurusmauris.co.uk,n,y,n,dictum.
44,597919397,Vladimir,Pearson,m,1951-05-30,760-774 Magnis Ave,College,AK,759708137,1234695149,rutrum@dignissim.co.uk,n,y,n,"Quisque imperdiet, erat nonummy ultricies"
45,254663957,Daphne,Conway,f,1969-09-30,385-2215 Leo. Ave,Fort Wayne,IN,237594579,6496480912,Mauris.molestie.pharetra@imperdiet.com,n,n,y,"nibh lacinia orci, consectetuer euismod"
46,614056924,Malachi,Chaney,m,1962-07-11,758-1926 Vitae St.,Carson City,NV,801126194,9555801589,neque.et.nunc@sodales.com,n,n,n,In
47,560009494,Sonya,Butler,m,1988-03-18,"P.O. Box 827, 750 Mi. Rd.",Springfield,MO,988599342,1628933527,dignissim@Donecporttitor.ca,y,y,y,ultrices posuere cubilia Curae;
48,284095256,Myra,Hardy,f,1976-07-11,"754-3276 Congue, Avenue",Nampa,ID,274648345,2681333767,ut.eros@Donecatarcu.com,y,y,y,Nullam
49,271220062,Anthony,Montgomery,f,1961-08-15,359 Ante. St.,Denver,CO,296833741,5601873371,convallis.convallis@senectus.ca,n,n,n,turpis. Aliquam adipiscing lobortis
50,441137799,Daryl,Middleton,m,1973-09-24,"P.O. Box 611, 2309 Placerat Street",Seattle,WA,362871422,2022463358,vel.convallis.in@etmagnis.net,y,n,y,Quisque porttitor eros nec
51,776969171,Daquan,Blevins,f,1952-10-29,988-3257 In Rd.,Reading,PA,973375016,7888961653,luctus.ut.pellentesque@velturpisAliquam.ca,n,n,n,sollicitudin orci sem eget massa.
52,376132017,Shellie,Willis,m,1981-12-03,697-5320 Mus. St.,Des Moines,IA,878597245,7631013419,ante@iaculis.net,n,n,y,"elementum, lorem ut"
53,952608257,Wynter,Daniels,m,1992-12-05,Ap #802-4295 Dui St.,Bangor,ME,393641722,9864853518,fringilla@interdum.org,y,y,y,erat volutpat. Nulla dignissim.
54,108461848,Ora,Booker,f,1989-07-31,"P.O. Box 805, 7733 Neque. St.",San Antonio,TX,501111667,8236859984,diam.lorem@indolor.org,y,n,n,"accumsan sed, facilisis vitae,"
55,86708038,Vladimir,Dejesus,m,1983-01-05,2402 Leo Avenue,West Jordan,UT,330844243,7540439776,vel@Integer.net,y,y,y,mauris. Integer sem
56,638352021,Ian,Kinney,f,1994-07-03,292 Non St.,Jackson,MS,664684939,3051114363,at.velit.Pellentesque@orciluctuset.edu,y,y,y,"sem,"
57,650297291,Mikayla,Jacobs,f,1991-04-08,Ap #964-1518 Neque. Av.,Columbus,OH,640026122,6219611781,tellus.justo@aptenttaciti.co.uk,n,n,n,egestas.
58,723202285,Bree,Glass,m,1951-03-08,"P.O. Box 384, 958 Magna. Ave",Frederick,MD,605866640,3273827111,erat.neque@Duis.net,y,y,n,Aenean eget metus.
59,914096467,Wallace,Cohen,f,1990-11-22,2738 Arcu. Rd.,Aurora,CO,452605520,4494464042,magnis@arcuimperdietullamcorper.co.uk,n,y,y,"et, commodo at, libero. Morbi"
60,673930095,Quinlan,Foster,m,1960-01-22,6634 Dolor. St.,Joliet,IL,581963795,1289943756,orci.luctus@felisorci.edu,y,y,n,"et, lacinia vitae,"
61,946490135,Hayes,Schneider,m,1950-07-24,453-8416 Ut Rd.,Rock Springs,WY,639342131,2903462910,ligula@egetmassa.ca,n,n,n,Mauris nulla. Integer urna.
62,182278726,Abigail,Haynes,f,1957-12-21,Ap #989-1292 Magna. Ave,Norfolk,VA,351701124,5815732111,bibendum@Phasellusdolor.edu,y,y,n,nec metus facilisis
63,359196310,Nina,Stuart,m,1993-11-04,Ap #614-648 Tempus Street,Lexington,KY,508613085,9116463477,auctor.Mauris@egestasrhoncus.co.uk,n,y,y,Integer urna. Vivamus molestie dapibus
64,143786545,Nina,Mooney,m,1974-08-21,"P.O. Box 246, 3553 Etiam Avenue",Rutland,VT,178864858,6187688521,in.felis.Nulla@pede.co.uk,y,y,y,"diam at pretium aliquet,"
65,934003798,Eden,Valenzuela,f,1997-02-05,"P.O. Box 245, 6949 Eleifend Rd.",Honolulu,HI,301421759,8434752515,ullamcorper@bibendumfermentum.edu,n,n,y,"dictum eu,"
66,112416191,Chadwick,Cole,f,1994-07-16,Ap #371-7392 In Street,Minneapolis,MN,999155662,2615179754,dui.Fusce@temporbibendum.com,y,n,y,"orci quis lectus. Nullam suscipit,"
67,173794085,Richard,Sanchez,m,1977-03-31,616-8780 Fringilla Rd.,Henderson,NV,602499787,8156327739,eget.metus@at.edu,n,n,y,aliquet. Proin
68,70258354,Sade,James,m,1989-07-18,Ap #150-3873 Ornare Av.,Pocatello,ID,679665004,1386847129,vitae@sempertellusid.ca,y,n,y,interdum. Curabitur
69,702766125,Simon,English,f,1991-12-28,"P.O. Box 710, 5088 Suspendisse St.",Huntsville,AL,432248769,1912984144,augue.id@lacusQuisque.com,n,y,n,"sit amet, consectetuer"
70,262736107,Thaddeus,England,f,1968-06-10,Ap #819-5483 Vulputate St.,Des Moines,IA,793454538,3169831601,faucibus.id.libero@dui.org,y,n,n,Cum sociis
71,823762581,Fritz,Stone,f,1996-03-09,2899 Aliquam St.,Henderson,NV,304700780,8725387364,magna.Suspendisse@malesuadavelvenenatis.ca,y,y,n,"elementum, lorem ut aliquam"
72,178919052,Lamar,Pace,m,1986-08-03,8374 Nunc Rd.,Virginia Beach,VA,551536109,6594084760,odio.Aliquam@asollicitudinorci.org,n,y,y,Morbi accumsan laoreet ipsum.
73,99549356,Ira,Bradley,m,1962-01-03,3963 Amet St.,Helena,MT,956876953,7373216334,lorem.eget@rutrumeuultrices.org,y,n,y,"pede, malesuada"
74,557682084,Audrey,Key,f,1980-05-18,Ap #270-5133 Quisque Avenue,Vancouver,WA,188867598,1964120293,ultrices.Vivamus@Inornare.edu,y,n,y,"parturient montes, nascetur"
75,313831674,Mikayla,Flores,m,1964-02-09,5253 Felis Av.,Owensboro,KY,608440572,6119693716,commodo.ipsum@nasceturridiculusmus.org,n,n,n,ante ipsum primis in faucibus
76,377502800,Mark,Dorsey,f,1956-08-21,"Ap #115-4998 Quis, St.",Bozeman,MT,882347146,7606195203,ante.Vivamus@penatibusetmagnis.com,y,y,y,nec mauris
77,701091797,Perry,Castaneda,f,1972-12-26,7430 Massa. Street,Spokane,WA,234719024,5657128900,convallis@nuncInat.net,y,y,n,feugiat metus sit amet
78,238979141,Darryl,Thomas,m,1957-04-13,"P.O. Box 934, 9928 Faucibus Avenue",Seattle,WA,351091134,3807176797,ultrices.Duis@nuncid.net,n,y,y,"et, lacinia vitae,"
79,614574891,Dennis,Clay,m,1975-02-12,8545 Sociis Av.,Frankfort,KY,506872706,5999629890,Phasellus.fermentum.convallis@acturpisegestas.net,n,n,n,massa. Integer vitae nibh. Donec
80,347653561,Graiden,Stewart,m,1974-03-28,"P.O. Box 601, 5508 Et Rd.",Kansas City,MO,947729266,2818130542,Mauris.magna.Duis@ametdapibus.edu,y,y,y,consectetuer
81,916211844,Hayley,Richards,f,1967-05-13,Ap #221-6352 Tellus Road,Flint,MI,442721245,9052097167,nec@sapiencursus.edu,y,y,n,taciti sociosqu
82,397799424,Jelani,Gonzales,m,1977-01-04,"Ap #413-549 Eleifend, Avenue",San Francisco,CA,467220910,3604158584,in.consequat.enim@tinciduntDonecvitae.edu,n,y,n,"ut cursus luctus,"
83,625225015,Laura,Mccarty,m,1971-12-05,614-4271 Duis Rd.,Oklahoma City,OK,781517304,6968016318,metus@sagittis.edu,y,y,y,scelerisque neque. Nullam nisl. Maecenas
84,696056282,Audra,Britt,f,1969-01-13,"P.O. Box 546, 157 Suspendisse Road",Saint Paul,MN,713808886,7576806262,luctus@laciniaorciconsectetuer.com,y,n,n,"odio, auctor vitae, aliquet nec,"
85,164972011,Igor,Summers,m,1957-02-28,4586 Cras Avenue,Reno,NV,645118518,2393957675,amet@PhasellusornareFusce.org,y,n,n,Integer mollis. Integer tincidunt
86,404832683,Jocelyn,Barton,f,1959-07-30,3446 Lorem St.,Phoenix,AZ,198444706,2772981869,orci.in@eratinconsectetuer.com,n,y,n,malesuada malesuada. Integer id magna
87,665491886,Imani,Jennings,m,1963-03-09,Ap #340-2600 Class St.,Boise,ID,673220183,5304693003,a.neque.Nullam@faucibusutnulla.net,y,y,y,feugiat. Lorem ipsum dolor
88,69007432,Dennis,Sweeney,m,1989-06-21,Ap #876-8962 Ac Rd.,Shreveport,LA,249052918,7581916979,Aliquam.erat@ultrices.com,y,y,y,"quis, pede. Suspendisse dui."
89,385418390,Gretchen,Shelton,f,1966-01-02,"P.O. Box 392, 8536 Sem, Street",Rutland,VT,931392130,2655956750,enim.nec@sitamet.edu,n,n,y,"augue,"
90,954393418,Hedley,Shannon,f,1990-10-26,Ap #724-7132 Cursus Road,Denver,CO,182961957,1303397005,eget@elitpedemalesuada.ca,y,y,y,risus. Morbi
91,409973651,Blaze,Eaton,m,1983-11-02,"P.O. Box 408, 2823 Et Rd.",Overland Park,KS,499181375,1575680189,lorem@aliquet.net,y,y,y,"Etiam ligula tortor,"
92,984253230,Jared,Dale,f,1986-09-29,"P.O. Box 411, 1389 Bibendum Street",Warren,MI,359173964,2793808307,erat.nonummy@estarcuac.org,y,y,y,Integer vitae nibh.
93,863329418,Akeem,Santos,f,1984-06-03,966-6716 Luctus St.,Bridgeport,CT,806689746,4485121095,a@malesuadaut.net,n,y,n,metus facilisis
94,163639279,Barbara,Gutierrez,m,1968-01-12,102-9144 Velit. St.,Colorado Springs,CO,912168541,5014339334,molestie.dapibus@Suspendissenonleo.org,n,n,y,Nulla dignissim.
95,619386431,Callie,Solis,m,1974-10-18,3649 Curabitur Street,Baltimore,MD,124687053,4794545738,at.libero.Morbi@id.net,y,y,n,ante blandit
96,371958601,Charissa,Harmon,m,1975-05-19,255-7748 Sociis Av.,Wilmington,DE,106875021,1128879645,Nulla@vitaeeratVivamus.com,n,n,n,vitae dolor. Donec
97,242922940,Hayden,Chapman,m,1950-04-06,Ap #626-6912 Felis Ave,Chesapeake,VA,241003025,4634924834,auctor.velit@nullaanteiaculis.org,y,y,n,"sit amet, faucibus ut, nulla."
98,69150119,Shay,Delacruz,m,1991-06-05,757-123 Nascetur Rd.,Norman,OK,224039321,1697147523,odio.semper.cursus@vitaediamProin.com,y,y,n,sed
99,963044819,Plato,Robbins,m,1972-07-16,"Ap #213-7415 At, Ave",Birmingham,AL,563353307,3859049748,Proin@fermentumarcuVestibulum.net,y,n,n,"bibendum sed, est. Nunc laoreet"
100,657624035,Simone,Mcdaniel,f,1964-03-02,"P.O. Box 183, 2904 Pede. St.",Baltimore,MD,415647371,2003531611,est.mollis@tincidunt.net,y,n,y,turpis. Aliquam adipiscing lobortis